subscriber_count,subreddit
24209578,announcements
19406878,funny
19129743,AskReddit
18724463,todayilearned
18628755,worldnews
18602649,science
18551434,pics
18025241,gaming
17927625,IAmA
17677300,videos
17482564,movies
17047579,aww
16809679,Music
16409662,blog
16060523,gifs
15975835,news
15509809,explainlikeimfive
15408912,askscience
15182161,EarthPorn
14473603,books
14456314,television
14202680,mildlyinteresting
14046164,LifeProTips
13984735,Showerthoughts
13775147,space
13627814,DIY
13542785,Jokes
13406119,gadgets
13367007,nottheonion
13279553,sports
13219601,food
13218312,tifu
13104242,InternetIsBeautiful
13094933,photoshopbattles
13049848,Documentaries
12988207,dataisbeautiful
12987224,UpliftingNews
12973129,Futurology
12961025,history
12943169,listentothis
12882160,personalfinance
12791236,OldSchoolCool
12747093,Art
12710330,philosophy
12245036,WritingPrompts
12235577,nosleep
12179545,creepy
11660977,TwoXChromosomes
6361528,Fitness
6116757,technology
5104503,WTF
4877882,bestof
4637990,AdviceAnimals
3798376,politics
2163907,atheism
2094866,interestingasfuck
1737118,woahdude
1702476,europe
1638238,BlackPeopleTwitter
1566474,oddlysatisfying
1447302,leagueoflegends
1422104,reactiongifs
1405257,pcmasterrace
1397706,wholesomememes
1302725,gameofthrones
1286572,Unexpected
1251144,facepalm
1205987,Overwatch
1173442,lifehacks
1146564,Android
1146011,me_irl
1133616,relationships
1130401,trees
1079032,Games
1078852,nba
1074948,Whatcouldgowrong
1054317,NatureIsFuckingLit
1050305,programming
1040309,memes
1023165,dankmemes
1015551,tattoos
1000308,CrappyDesign
945991,travel
945164,malefashionadvice
931237,soccer
922882,AnimalsBeingJerks
914548,cringepics
912597,pokemon
907212,comics
905704,mildlyinfuriating
905420,sex
903626,HistoryPorn
892745,Tinder
887197,4chan
880981,buildapc
880748,FoodPorn
879513,instant_regret
868126,GifRecipes
868020,StarWars
865713,Frugal
862012,PS4
851035,OutOfTheLoop
850031,AnimalsBeingBros
830723,Eyebleach
821277,loseit
817209,Bitcoin
809547,trippinthroughtime
803183,nonononoyes
797009,fffffffuuuuuuuuuuuu
792180,pokemongo
790280,hiphopheads
788392,HighQualityGifs
788337,YouShouldKnow
783949,wheredidthesodago
783078,RoastMe
781330,rickandmorty
771165,nfl
770766,reddit.com
746396,cringe
745236,AskHistorians
736191,dadjokes
734366,Cooking
724445,RoomPorn
717891,FiftyFifty
711870,xboxone
699809,trashy
699110,hearthstone
693012,holdmybeer
690602,Damnthatsinteresting
685541,EatCheapAndHealthy
684457,baseball
675797,quityourbullshit
675536,hmmm
674639,youtubehaiku
670157,cats
668561,anime
665659,iamverysmart
664277,bodyweightfitness
663878,CryptoCurrency
663700,humor
657059,PeopleFuckingDying
648193,apple
643919,BetterEveryLoop
642174,itookapicture
641382,Wellthatsucks
638792,scifi
636156,GlobalOffensive
634399,pcgaming
630108,conspiracy
623659,MovieDetails
610910,BikiniBottomTwitter
610455,thatHappened
609196,streetwear
609005,boardgames
604822,The_Donald
601695,rarepuppers
601562,Minecraft
601086,comicbooks
597481,AbandonedPorn
588451,howto
587698,oldpeoplefacebook
587420,shittyaskscience
586135,keto
583612,MadeMeSmile
583058,PUBATTLEGROUNDS
582721,freebies
581504,wow
580014,NintendoSwitch
579994,nevertellmetheodds
578230,woodworking
578099,gardening
576594,FortNiteBR
575522,educationalgifs
574713,reallifedoodles
573212,PrequelMemes
569553,NetflixBestOf
569291,AskMen
567094,cars
565568,ChildrenFallingOver
564698,photography
563563,MealPrepSunday
560897,BeAmazed
558579,changemyview
558212,learnprogramming
557047,hockey
553772,PerfectTiming
553413,iphone
550016,blackmagicfuckery
549427,AskWomen
546442,slowcooking
544678,spaceporn
540013,MakeupAddiction
535157,HumansBeingBros
532897,relationship_advice
530638,DunderMifflin
530335,recipes
528791,battlestations
527413,GameDeals
523562,therewasanattempt
521903,JusticePorn
521075,DestinyTheGame
518123,investing
518097,SkincareAddiction
516649,frugalmalefashion
514067,NoStupidQuestions
513588,MMA
513305,ProgrammerHumor
511141,madlads
508861,AnimalsBeingDerps
507818,MemeEconomy
507770,talesfromtechsupport
506815,natureismetal
502626,ContagiousLaughter
500182,DnD
499814,skyrim
499698,nintendo
499482,GamePhysics
497393,nononono
491280,Steam
491241,ATBGE
485385,dogs
479831,confession
477207,gentlemanboners
475877,insanepeoplefacebook
475040,youseeingthisshit
474735,whatisthisthing
474433,urbanexploration
472894,MurderedByWords
470985,thewalkingdead
468154,WhitePeopleTwitter
462115,Roadcam
460535,starterpacks
455387,MapPorn
454997,firstworldanarchists
454171,wallpapers
451304,geek
451037,OSHA
450892,FanTheories
449280,niceguys
448677,entertainment
446816,Economics
445096,femalefashionadvice
444302,Awwducational
443471,math
438734,BuyItForLife
438456,teenagers
437019,thisismylifenow
434821,savedyouaclick
432038,KenM
431147,OopsDidntMeanTo
430783,meirl
427662,asoiaf
427333,CampingandHiking
425131,electronicmusic
424881,DotA2
424381,TalesFromRetail
424094,UNBGBBIIVCHIDCTIICBG
423994,LearnUselessTalents
422180,CozyPlaces
420964,UnethicalLifeProTips
420894,writing
420867,harrypotter
418530,wallpaper
417857,raspberry_pi
415850,running
411954,westworld
410270,TrollXChromosomes
406787,shittyfoodporn
406001,Entrepreneur
405669,TrueReddit
404436,motorcycles
404222,polandball
403709,Drugs
399625,ProRevenge
398769,shutupandtakemymoney
398351,business
397739,TumblrInAction
397593,olympics
397351,Sneakers
395627,nostalgia
395586,Fallout
395048,MaliciousCompliance
394307,ExpectationVsReality
393693,pettyrevenge
392363,legaladvice
391505,RocketLeague
391153,ArtisanVideos
389382,Justrolledintotheshop
387598,environment
387544,whitepeoplegifs
386131,CFB
386088,DoesAnybodyElse
386024,progresspics
382091,JusticeServed
381353,UnresolvedMysteries
380564,assholedesign
380533,babyelephantgifs
379463,DeepIntoYouTube
378135,evilbuildings
376087,ShittyLifeProTips
375933,StartledCats
375265,ANormalDayInRussia
375210,calvinandhobbes
374627,PoliticalHumor
374496,AccidentalRenaissance
374266,breakingbad
373061,IdiotsFightingThings
372911,coolguides
372063,Rainbow6
371372,QuotesPorn
371027,financialindependence
370445,guns
370299,blunderyears
369347,justneckbeardthings
368770,outside
368655,chemicalreactiongifs
368516,backpacking
366341,HomeImprovement
365977,Guitar
365800,carporn
364150,ofcoursethatsathing
363768,tipofmytongue
361972,canada
361929,buildapcsales
361877,offbeat
361459,Cinemagraphs
359721,marvelstudios
359704,ColorizedHistory
359622,standupshots
359461,DesignPorn
359439,CasualConversation
358517,bodybuilding
358406,h3h3productions
357611,Astronomy
357369,ethereum
356514,WatchPeopleDieInside
356288,southpark
356226,beta
354299,INEEEEDIT
352186,SubredditDrama
351796,freefolk
351493,creepyPMs
349640,iamverybadass
348813,horror
348149,Marvel
347740,everymanshouldknow
347093,greentext
346389,PenmanshipPorn
345049,youdontsurf
344754,LetsNotMeet
344251,IASIP
342787,CringeAnarchy
341930,Physics
341709,IWantToLearn
339179,2meirl4meirl
338525,formula1
338097,SquaredCircle
337838,FellowKids
335748,beer
335656,Celebs
335630,ChoosingBeggars
334448,foodhacks
334144,DiWHY
334101,CrazyIdeas
333960,tumblr
331164,holdmycosmo
330633,Justfuckmyshitup
330428,WhyWereTheyFilming
330401,baconreader
329812,CityPorn
329385,lego
329221,SweatyPalms
328676,Design
327962,NotMyJob
327723,PublicFreakout
325542,CatastrophicFailure
325338,hacking
324012,corgi
323813,likeus
323599,shittyrobots
322871,ThriftStoreHauls
318800,worldpolitics
317045,web_design
316412,Twitch
315989,futurama
314503,blackpeoplegifs
314309,jailbreak
310616,boottoobig
309026,StrangerThings
308563,de_IAmA
308326,theydidthemath
308206,circlejerk
308193,powerwashingporn
308072,fantasyfootball
307802,Shitty_Car_Mods
307619,getdisciplined
304763,combinedgifs
303318,PewdiepieSubmissions
302907,drawing
302241,WeAreTheMusicMakers
301722,sadcringe
300622,linux
299344,softwaregore
299065,yesyesyesyesno
296672,mechanical_gifs
296497,Fantasy
295891,DeepFriedMemes
295696,doctorwho
294732,minimalism
294663,Perfectfit
294638,surrealmemes
293856,fakehistoryporn
291515,manga
289145,vinyl
288419,WeWantPlates
288143,indianpeoplefacebook
287884,DepthHub
286874,Parenting
286771,Filmmakers
286029,LateStageCapitalism
284997,Watches
284888,MachineLearning
284637,StoppedWorking
284062,shittyreactiongifs
282486,Meditation
281938,howtonotgiveafuck
281807,ScottishPeopleTwitter
281195,dankchristianmemes
280898,kpop
280315,TheSilphRoad
279751,thalassophobia
277703,gifsthatkeepongiving
276544,indieheads
276409,smashbros
275594,subredditoftheday
275384,Zoomies
274995,PoliticalDiscussion
274409,seduction
273670,cosplaygirls
272308,ComedyCemetery
271320,hardware
269508,nasa
267572,crappyoffbrands
267503,DadReflexes
267320,crafts
267310,TrollYChromosome
267123,gatekeeping
266929,bicycling
265678,truegaming
265079,MechanicalKeyboards
264327,google
263996,TheRedPill
262183,totallynotrobots
261541,malelivingspace
261538,graphic_design
260751,MURICA
260226,worldbuilding
259951,netflix
259886,techsupportgore
259456,PandR
259455,Pareidolia
259178,javascript
259045,Bundesliga
258724,xxfitness
258555,dating_advice
258300,EmpireDidNothingWrong
257671,im14andthisisdeep
256978,gamedev
256450,startups
256299,FloridaMan
255173,CollegeBasketball
254602,disneyvacation
254050,Metal
253869,AMA
253394,wallstreetbets
253380,KerbalSpaceProgram
253004,3DS
252910,CatsStandingUp
252847,teslamotors
251380,spacex
251263,beermoney
251261,perfectloops
250154,netsec
249946,self
249905,Bossfight
249622,AnimalTextGifs
248035,raisedbynarcissists
246437,ActLikeYouBelong
245215,magicTCG
245101,redditgetsdrawn
244465,SubredditSimulator
243312,Prematurecelebration
243160,LivestreamFail
242750,fullmoviesonyoutube
242026,childfree
241541,nbastreams
241433,Cyberpunk
240936,biology
240389,sysadmin
239503,Python
